{"count":1,"gauges":{},"self":284.0430848,"total":455.98126529999996,"children":{"AgentResetIfDone":{"count":500021,"self":2.1067708,"total":2.1067709,"children":null},"AgentSendState":{"count":500021,"self":1.7258776,"total":1.8989646999999998,"children":{"CollectObservations":{"count":50003,"self":0.1730871,"total":0.1730871,"children":null}}},"DecideAction":{"count":500021,"self":162.7243392,"total":163.8202318,"children":{"AgentInfo.ToProto":{"count":50003,"self":1.0958983,"total":1.0958983,"children":null}}},"AcademyStep":{"count":500021,"self":0.6290179,"total":0.6290179,"children":null},"AgentAct":{"count":500021,"self":3.482188,"total":3.4821879,"children":null}}}